titulos,precios
Televisor Hyundai 32 Pulgadas Hd - Hyled3241d,$469.900
Televisor Hyundai 32 Pulgadas Hd Smart - Hyled3243nim,$13.053
Televisor Challenger Led 32t12 T2 Hd ,$857.000
Televisor Hyundai 40 Pulgadas Fhd Smart - Hyled4021nim,$619.900
Televisor Full Hd Smart Tv 2020 Un43t5300,$17.219
Televisor Hyundai 50 Pulgadas 4k Smart Diseño Sin Borde,$489.900
Televisor Hyundai 55 Pulgadas 4k Uhd Smart - Hyled5519n4km,$13.608
Funda Forro Protector Control Samsung One Remote,$1.271.285
Soporte Para Tv Brazo North Bayou  P4 32  A 58  Original ,$899.900
Televisor Caixun 32 Smart Tv Hd Negro,$24.997
Funda Forro Protector Control Samsung One Remote,$1.159.900
Soporte Para Tv Brazo North Bayou  P4 32  A 58  Original ,$32.219
Televisor Tedge 50 Pulgadas Uhd Smart ,$1.928.428
Televisor Tedge 58 Pulgadas 4k Uhd Smart ,$1.299.900
Televisor Tedge 58 Pulgadas 4k Uhd Smart ,$36.108
Televisor Tedge 50 Pulgadas Uhd Smart ,$1.499.900
Tv Samsung 50tu8000 Led 4k Uhd Crystal 50 PLG Voz Magic 2020,$41.664
Tv Kaiwi 32  (80 Cm) Led Hd - Básico,$19.900
Soporte De Brazo Monitor A Escritorio Nb F80 17 A 27,"$552,78"
Soporte Tv Extensible Doble Nb North Bayou L600 De 40  A 75,$74.900
Combo Samsung Smart Tv 50 4k + Barra De Sonido Hwt400,$6.242
Televisor Caixun 50 Pulgadas Led 4k Ultra Hd Smart Tv,$689.900
Televisor Hyundai 58 Pulgadas 4k Smart Diseño Sin Borde,$609.900
Tv Samsung 58 (147 Cm) Smart 4k Uhd,$16.942
Tv LG 28  Pulgadas 70 Cm 28tl525s Led Hd Plano Smart Tv,$19.900
Tv Led Smart Tv Kalley Hdsfbt 32¨ Hd Usb Hdmi Internet Tdt2,"$552,78"
Televisor Samsung 55ru7300 55p Curvo 4k Smarttv 2019,$74.900
Televisor Caixun 24  Hd Basic,$6.242
Televisor LG 32lm630 Led Hd - Active Hdr - Sonido Virtual Su,$2.799.900
Combo Samsung Smart Tv 50 4k + Barra De Sonido Hwt400,$1.199.900
Televisor Samsung 55ru7100 55p 2019 Smart Tv 4k Bluetooth,$99.992
Televisor Hyundai 43 Pulgadas Fhd Smart - Hyled4319nim,$3.399.900
Tv 32 81cm Led Kalley 32hdft2,$1.499.000
Televisor 43 PuLG Caixun 4k Smart Tdt ,$41.639
Tv Samsung 65 (165 Cm) Smart 4k Ultra Hd,$3.299.900
Tv Samsung 58 (147 Cm) Smart 4k Uhd,$1.499.900
Tv Samsung 43tu8000 Led 4k Uhd Crystal 43 PLG Voz Magic 2020,$124.992
Televisor Caixun 43 Pulgadas 4k Uhd Ledcx43p28fsm,$2.799.900
Televisor Samsung 65tu7000 65 PLG 2020 Crystal 4k Bluetooth,$1.199.000
Tv Samsung 55tu8000 Led 4k Uhd Crystal 55 PLG Voz Magic 2020,$33.306
Televisor Samsung 43 Led Smart Tv Un43t5300 Fhd 2020,$2.999.900
Televisor Samsung 75ru7100 75p 2019 Smart Tv 4k Bluetooth,$1.529.900
Tv Samsung 50 (127 Cm) Smart 4k Ultra Hd,$42.497
Tv Smart Samsung 43  (109 Cm) Full Hd Un43t5300 Negro,$854.000
Tv Smart Samsung 43  (109 Cm) Full Hd Un43t5300 Negro,$421.000
Televisor 32  Pulgadas Recco Hd Led ,$11.694
Televisor LG 43 Led Full Hd Smart Tv Tdt 43lm6300pdb ,$109.900
Televisor Samsung 43 Pulgadas Smartv Full Hd Tdt,$9.158
Televisor Hyundai 43 Pulgadas Fhd Smart Diseño Sin Borde,$119.900
Televisor Led Samsung Un32j4300 Tdt Smart Tv 32 Pulgadas,$3.331
Televisor Led Samsung 32t4300 Tdt Smart Tv 32 Pg Modelo 2020,$1.810.000
Televisor Samsung 32  Hd Smart Tv Un32j4290akxzl,$150.833
Televisor Samsung Smart 58  Led Uhd 4k Crystal 2020,$1.439.900
Tv Hyundai 32 (80 Cm) Smart Hd,$1.279.900
